assay	sample	level1	level2	color	file_path
ATAC	sgNT_rep1	Hudep2_ABE8e		#F27979	/research_jude/rgs01_jude/groups/chenggrp/projects/blood_regulome/chenggrp/Projects/jchen6/GATA1_TFBS_ABE8e_screening/pre-test_vali/analysis+/upload/ATAC/Hudep2_ABE8e_sgNT_ATAC_rep1.rmdup.uq.bw
ATAC	sgNT_rep2	Hudep2_ABE8e		#F27979	/research_jude/rgs01_jude/groups/chenggrp/projects/blood_regulome/chenggrp/Projects/jchen6/GATA1_TFBS_ABE8e_screening/pre-test_vali/analysis+/upload/ATAC/Hudep2_ABE8e_sgNT_ATAC_rep2.rmdup.uq.bw
ATAC	sg6991_rep1	Hudep2_ABE8e		#7F1919	/research_jude/rgs01_jude/groups/chenggrp/projects/blood_regulome/chenggrp/Projects/jchen6/GATA1_TFBS_ABE8e_screening/pre-test_vali/analysis+/upload/ATAC/Hudep2_ABE8e_sg6991_ATAC_rep1.rmdup.uq.bw
ATAC	sg6991_rep2	Hudep2_ABE8e		#7F1919	/research_jude/rgs01_jude/groups/chenggrp/projects/blood_regulome/chenggrp/Projects/jchen6/GATA1_TFBS_ABE8e_screening/pre-test_vali/analysis+/upload/ATAC/Hudep2_ABE8e_sg6991_ATAC_rep2.rmdup.uq.bw
ATAC	sgNT_rep1	Jurkat_ABE8e		#F28779	/research_jude/rgs01_jude/groups/chenggrp/projects/blood_regulome/chenggrp/Projects/jchen6/GATA1_TFBS_ABE8e_screening/pre-test_vali/analysis+/upload/ATAC/Jurkat_ABE8e_sgNT_ATAC_rep1.rmdup.uq.bw
ATAC	sgNT_rep2	Jurkat_ABE8e		#F28779	/research_jude/rgs01_jude/groups/chenggrp/projects/blood_regulome/chenggrp/Projects/jchen6/GATA1_TFBS_ABE8e_screening/pre-test_vali/analysis+/upload/ATAC/Jurkat_ABE8e_sgNT_ATAC_rep2.rmdup.uq.bw
ATAC	sg6991_rep1	Jurkat_ABE8e		#7F2519	/research_jude/rgs01_jude/groups/chenggrp/projects/blood_regulome/chenggrp/Projects/jchen6/GATA1_TFBS_ABE8e_screening/pre-test_vali/analysis+/upload/ATAC/Jurkat_ABE8e_sg6991_ATAC_rep1.rmdup.uq.bw
ATAC	sg6991_rep2	Jurkat_ABE8e		#7F2519	/research_jude/rgs01_jude/groups/chenggrp/projects/blood_regulome/chenggrp/Projects/jchen6/GATA1_TFBS_ABE8e_screening/pre-test_vali/analysis+/upload/ATAC/Jurkat_ABE8e_sg6991_ATAC_rep2.rmdup.uq.bw
ChIP	GATA1_sgNT_rep1	Hudep2_ABE8e		#F29679	/research_jude/rgs01_jude/groups/chenggrp/projects/blood_regulome/chenggrp/Projects/jchen6/GATA1_TFBS_ABE8e_screening/pre-test_vali/analysis+/upload/ChIP/sgNT_GATA1_rep1.bw
ChIP	GATA1_sgNT_rep2	Hudep2_ABE8e		#F29679	/research_jude/rgs01_jude/groups/chenggrp/projects/blood_regulome/chenggrp/Projects/jchen6/GATA1_TFBS_ABE8e_screening/pre-test_vali/analysis+/upload/ChIP/sgNT_GATA1_rep2.bw
ChIP	GATA1_sgNT_rep3	Hudep2_ABE8e		#F29679	/research_jude/rgs01_jude/groups/chenggrp/projects/blood_regulome/chenggrp/Projects/jchen6/GATA1_TFBS_ABE8e_screening/pre-test_vali/analysis+/upload/ChIP/sgNT_GATA1_rep3.bw
ChIP	GATA1_sgNT_rep4	Hudep2_ABE8e		#F29679	/research_jude/rgs01_jude/groups/chenggrp/projects/blood_regulome/chenggrp/Projects/jchen6/GATA1_TFBS_ABE8e_screening/pre-test_vali/analysis+/upload/ChIP/sgNT_GATA1_rep4.bw
ChIP	GATA1_sg6991_rep1	Hudep2_ABE8e		#7F3119	/research_jude/rgs01_jude/groups/chenggrp/projects/blood_regulome/chenggrp/Projects/jchen6/GATA1_TFBS_ABE8e_screening/pre-test_vali/analysis+/upload/ChIP/sg6991_GATA1_rep1.bw
ChIP	GATA1_sg6991_rep2	Hudep2_ABE8e		#7F3119	/research_jude/rgs01_jude/groups/chenggrp/projects/blood_regulome/chenggrp/Projects/jchen6/GATA1_TFBS_ABE8e_screening/pre-test_vali/analysis+/upload/ChIP/sg6991_GATA1_rep2.bw
ChIP	GATA1_sg6991_rep3	Hudep2_ABE8e		#7F3119	/research_jude/rgs01_jude/groups/chenggrp/projects/blood_regulome/chenggrp/Projects/jchen6/GATA1_TFBS_ABE8e_screening/pre-test_vali/analysis+/upload/ChIP/sg6991_GATA1_rep3.bw
ChIP	GATA1_sg6991_rep4	Hudep2_ABE8e		#7F3119	/research_jude/rgs01_jude/groups/chenggrp/projects/blood_regulome/chenggrp/Projects/jchen6/GATA1_TFBS_ABE8e_screening/pre-test_vali/analysis+/upload/ChIP/sg6991_GATA1_rep4.bw
ChIP	GATA2_sgNT	Hudep2_ABE8e		#F2A479	/research_jude/rgs01_jude/groups/chenggrp/projects/blood_regulome/chenggrp/Projects/jchen6/GATA1_TFBS_ABE8e_screening/pre-test_vali/analysis+/upload/ChIP/sgNT_GATA2.rmdup.uq.bw
ChIP	GATA2_sg6991	Hudep2_ABE8e		#7F3E19	/research_jude/rgs01_jude/groups/chenggrp/projects/blood_regulome/chenggrp/Projects/jchen6/GATA1_TFBS_ABE8e_screening/pre-test_vali/analysis+/upload/ChIP/sg6991_GATA2.rmdup.uq.bw
ChIP	LDB1_sgNT_rep1	Hudep2_ABE8e		#F2B379	/research_jude/rgs01_jude/groups/chenggrp/projects/blood_regulome/chenggrp/Projects/jchen6/GATA1_TFBS_ABE8e_screening/pre-test_vali/analysis+/upload/ChIP/sgNT_LDB1_rep1.rmdup.uq.bw
ChIP	LDB1_sgNT_rep2	Hudep2_ABE8e		#F2B379	/research_jude/rgs01_jude/groups/chenggrp/projects/blood_regulome/chenggrp/Projects/jchen6/GATA1_TFBS_ABE8e_screening/pre-test_vali/analysis+/upload/ChIP/sgNT_LDB1_rep2.mdup.uq.bw
ChIP	LDB1_sg6991_rep1	Hudep2_ABE8e		#7F4A19	/research_jude/rgs01_jude/groups/chenggrp/projects/blood_regulome/chenggrp/Projects/jchen6/GATA1_TFBS_ABE8e_screening/pre-test_vali/analysis+/upload/ChIP/sg6991_LDB1_rep1.rmdup.uq.bw
ChIP	LDB1_sg6991_rep2	Hudep2_ABE8e		#7F4A19	/research_jude/rgs01_jude/groups/chenggrp/projects/blood_regulome/chenggrp/Projects/jchen6/GATA1_TFBS_ABE8e_screening/pre-test_vali/analysis+/upload/ChIP/sg6991_LDB1_rep2.rmdup.uq.bw
ChIP	TAL1_sgNT	Hudep2_ABE8e		#F2C179	/research_jude/rgs01_jude/groups/chenggrp/projects/blood_regulome/chenggrp/Projects/jchen6/GATA1_TFBS_ABE8e_screening/pre-test_vali/analysis+/upload/ChIP/sgNT_TAL1_rep1_Gx.rmdup.uq.bw
ChIP	TAL1_sg6991	Hudep2_ABE8e		#7F5619	/research_jude/rgs01_jude/groups/chenggrp/projects/blood_regulome/chenggrp/Projects/jchen6/GATA1_TFBS_ABE8e_screening/pre-test_vali/analysis+/upload/ChIP/sg6991_TAL1_rep1_Gx.rmdup.uq.bw
ChIP	Pol2_sgNT_rep1	Hudep2_ABE8e		#F2D079	/research_jude/rgs01_jude/groups/chenggrp/projects/blood_regulome/chenggrp/Projects/jchen6/GATA1_TFBS_ABE8e_screening/pre-test_vali/analysis+/upload/ChIP/sgNT_Pol2_rep1.rmdup.uq.bw
ChIP	Pol2_sgNT_rep2	Hudep2_ABE8e		#F2D079	/research_jude/rgs01_jude/groups/chenggrp/projects/blood_regulome/chenggrp/Projects/jchen6/GATA1_TFBS_ABE8e_screening/pre-test_vali/analysis+/upload/ChIP/sgNT_Pol2_rep2.rmdup.uq.bw
ChIP	Pol2_sg6991_rep1	Hudep2_ABE8e		#7F6219	/research_jude/rgs01_jude/groups/chenggrp/projects/blood_regulome/chenggrp/Projects/jchen6/GATA1_TFBS_ABE8e_screening/pre-test_vali/analysis+/upload/ChIP/sg6991_Pol2_rep1.rmdup.uq.bw
ChIP	Pol2_sg6991_rep2	Hudep2_ABE8e		#7F6219	/research_jude/rgs01_jude/groups/chenggrp/projects/blood_regulome/chenggrp/Projects/jchen6/GATA1_TFBS_ABE8e_screening/pre-test_vali/analysis+/upload/ChIP/sg6991_Pol2_rep2.rmdup.uq.bw
ChIP	Pol2S2P_sgNT_rep1	Hudep2_ABE8e		#F2DE79	/research_jude/rgs01_jude/groups/chenggrp/projects/blood_regulome/chenggrp/Projects/jchen6/GATA1_TFBS_ABE8e_screening/pre-test_vali/analysis+/upload/ChIP/sgNT_Pol2S2P_rep1.rmdup.uq.bw
ChIP	Pol2S2P_sgNT_rep2	Hudep2_ABE8e		#F2DE79	/research_jude/rgs01_jude/groups/chenggrp/projects/blood_regulome/chenggrp/Projects/jchen6/GATA1_TFBS_ABE8e_screening/pre-test_vali/analysis+/upload/ChIP/sgNT_Pol2S2P_rep2.rmdup.uq.bw
ChIP	Pol2S2P_sg6991_rep1	Hudep2_ABE8e		#7F6F19	/research_jude/rgs01_jude/groups/chenggrp/projects/blood_regulome/chenggrp/Projects/jchen6/GATA1_TFBS_ABE8e_screening/pre-test_vali/analysis+/upload/ChIP/sg6991_Pol2S2P_rep1.rmdup.uq.bw
ChIP	Pol2S2P_sg6991_rep2	Hudep2_ABE8e		#7F6F19	/research_jude/rgs01_jude/groups/chenggrp/projects/blood_regulome/chenggrp/Projects/jchen6/GATA1_TFBS_ABE8e_screening/pre-test_vali/analysis+/upload/ChIP/sg6991_Pol2S2P_rep2.rmdup.uq.bw
ChIP	Pol2S5P_sgNT_rep1	Hudep2_ABE8e		#F2ED79	/research_jude/rgs01_jude/groups/chenggrp/projects/blood_regulome/chenggrp/Projects/jchen6/GATA1_TFBS_ABE8e_screening/pre-test_vali/analysis+/upload/ChIP/sgNT_Pol2S5P_rep1.rmdup.uq.bw
ChIP	Pol2S5P_sgNT_rep2	Hudep2_ABE8e		#F2ED79	/research_jude/rgs01_jude/groups/chenggrp/projects/blood_regulome/chenggrp/Projects/jchen6/GATA1_TFBS_ABE8e_screening/pre-test_vali/analysis+/upload/ChIP/sgNT_Pol2S5P_rep2.rmdup.uq.bw
ChIP	Pol2S5P_sg6991_rep1	Hudep2_ABE8e		#7F7B19	/research_jude/rgs01_jude/groups/chenggrp/projects/blood_regulome/chenggrp/Projects/jchen6/GATA1_TFBS_ABE8e_screening/pre-test_vali/analysis+/upload/ChIP/sg6991_Pol2S5P_rep1.rmdup.uq.bw
ChIP	Pol2S5P_sg6991_rep2	Hudep2_ABE8e		#7F7B19	/research_jude/rgs01_jude/groups/chenggrp/projects/blood_regulome/chenggrp/Projects/jchen6/GATA1_TFBS_ABE8e_screening/pre-test_vali/analysis+/upload/ChIP/sg6991_Pol2S5P_rep2.rmdup.uq.bw
ChIP	MED1_sgNT_rep1	Hudep2_ABE8e		#E8F279	/research_jude/rgs01_jude/groups/chenggrp/projects/blood_regulome/chenggrp/Projects/jchen6/GATA1_TFBS_ABE8e_screening/pre-test_vali/analysis+/upload/ChIP/sgNT_MED1_rep1.rmdup.uq.bw
ChIP	MED1_sgNT_rep2	Hudep2_ABE8e		#E8F279	/research_jude/rgs01_jude/groups/chenggrp/projects/blood_regulome/chenggrp/Projects/jchen6/GATA1_TFBS_ABE8e_screening/pre-test_vali/analysis+/upload/ChIP/sgNT_MED1_rep2.rmdup.uq.bw
ChIP	MED1_sg6991_rep1	Hudep2_ABE8e		#777F19	/research_jude/rgs01_jude/groups/chenggrp/projects/blood_regulome/chenggrp/Projects/jchen6/GATA1_TFBS_ABE8e_screening/pre-test_vali/analysis+/upload/ChIP/sg6991_MED1_rep1.rmdup.uq.bw
ChIP	MED1_sg6991_rep2	Hudep2_ABE8e		#777F19	/research_jude/rgs01_jude/groups/chenggrp/projects/blood_regulome/chenggrp/Projects/jchen6/GATA1_TFBS_ABE8e_screening/pre-test_vali/analysis+/upload/ChIP/sg6991_MED1_rep2.rmdup.uq.bw
ChIP	BRD4_sgNT_rep1	Hudep2_ABE8e		#DAF279	/research_jude/rgs01_jude/groups/chenggrp/projects/blood_regulome/chenggrp/Projects/jchen6/GATA1_TFBS_ABE8e_screening/pre-test_vali/analysis+/upload/ChIP/sgNT_BRD4_rep1.rmdup.uq.bw
ChIP	BRD4_sgNT_rep2	Hudep2_ABE8e		#DAF279	/research_jude/rgs01_jude/groups/chenggrp/projects/blood_regulome/chenggrp/Projects/jchen6/GATA1_TFBS_ABE8e_screening/pre-test_vali/analysis+/upload/ChIP/sgNT_BRD4_rep2.rmdup.uq.bw
ChIP	BRD4_sg6991_rep1	Hudep2_ABE8e		#6B7F19	/research_jude/rgs01_jude/groups/chenggrp/projects/blood_regulome/chenggrp/Projects/jchen6/GATA1_TFBS_ABE8e_screening/pre-test_vali/analysis+/upload/ChIP/sg6991_BRD4_rep1.rmdup.uq.bw
ChIP	BRD4_sg6991_rep2	Hudep2_ABE8e		#6B7F19	/research_jude/rgs01_jude/groups/chenggrp/projects/blood_regulome/chenggrp/Projects/jchen6/GATA1_TFBS_ABE8e_screening/pre-test_vali/analysis+/upload/ChIP/sg6991_BRD4_rep2.rmdup.uq.bw
ChIP	CTCF_sgNT_rep1	Hudep2_ABE8e		#CBF279	/research_jude/rgs01_jude/groups/chenggrp/projects/blood_regulome/chenggrp/Projects/jchen6/GATA1_TFBS_ABE8e_screening/pre-test_vali/analysis+/upload/ChIP/sgNT_CTCF_rep1.rmdup.uq.bw
ChIP	CTCF_sgNT_rep2	Hudep2_ABE8e		#CBF279	/research_jude/rgs01_jude/groups/chenggrp/projects/blood_regulome/chenggrp/Projects/jchen6/GATA1_TFBS_ABE8e_screening/pre-test_vali/analysis+/upload/ChIP/sgNT_CTCF_rep2.rmdup.uq.bw
ChIP	CTCF_sg6991_rep1	Hudep2_ABE8e		#5E7F19	/research_jude/rgs01_jude/groups/chenggrp/projects/blood_regulome/chenggrp/Projects/jchen6/GATA1_TFBS_ABE8e_screening/pre-test_vali/analysis+/upload/ChIP/sg6991_CTCF_rep1.rmdup.uq.bw
ChIP	CTCF_sg6991_rep2	Hudep2_ABE8e		#5E7F19	/research_jude/rgs01_jude/groups/chenggrp/projects/blood_regulome/chenggrp/Projects/jchen6/GATA1_TFBS_ABE8e_screening/pre-test_vali/analysis+/upload/ChIP/sg6991_CTCF_rep2.rmdup.uq.bw
ChIP	RAD21	Hudep2_ABE8e		#BCF279	/research_jude/rgs01_jude/groups/chenggrp/projects/blood_regulome/chenggrp/Projects/jchen6/GATA1_TFBS_ABE8e_screening/pre-test_vali/analysis+/upload/ChIP/Hudep2_ABE8e_RAD21.rmdup.uq.bw
ChIP	RAD21_sgNT_rep1	Hudep2_ABE8e		#BCF279	/research_jude/rgs01_jude/groups/chenggrp/projects/blood_regulome/chenggrp/Projects/jchen6/GATA1_TFBS_ABE8e_screening/pre-test_vali/analysis+/upload/ChIP/sgNT_RAD21_rep1.rmdup.uq.bw
ChIP	RAD21_sgNT_rep2	Hudep2_ABE8e		#BCF279	/research_jude/rgs01_jude/groups/chenggrp/projects/blood_regulome/chenggrp/Projects/jchen6/GATA1_TFBS_ABE8e_screening/pre-test_vali/analysis+/upload/ChIP/sgNT_RAD21_rep2.rmdup.uq.bw
ChIP	RAD21_sg6991_rep1	Hudep2_ABE8e		#527F19	/research_jude/rgs01_jude/groups/chenggrp/projects/blood_regulome/chenggrp/Projects/jchen6/GATA1_TFBS_ABE8e_screening/pre-test_vali/analysis+/upload/ChIP/sg6991_RAD21_rep1.rmdup.uq.bw
ChIP	RAD21_sg6991_rep2	Hudep2_ABE8e		#527F19	/research_jude/rgs01_jude/groups/chenggrp/projects/blood_regulome/chenggrp/Projects/jchen6/GATA1_TFBS_ABE8e_screening/pre-test_vali/analysis+/upload/ChIP/sg6991_RAD21_rep2.rmdup.uq.bw
ChIP	NIPBL_sgNT_rep1	Hudep2_ABE8e		#AEF279	/research_jude/rgs01_jude/groups/chenggrp/projects/blood_regulome/chenggrp/Projects/jchen6/GATA1_TFBS_ABE8e_screening/pre-test_vali/analysis+/upload/ChIP/sgNT_NIPBL_rep1.rmdup.uq.bw
ChIP	NIPBL_sgNT_rep2	Hudep2_ABE8e		#AEF279	/research_jude/rgs01_jude/groups/chenggrp/projects/blood_regulome/chenggrp/Projects/jchen6/GATA1_TFBS_ABE8e_screening/pre-test_vali/analysis+/upload/ChIP/sgNT_NIPBL_rep2.rmdup.uq.bw
ChIP	NIPBL_sg6991_rep1	Hudep2_ABE8e		#467F19	/research_jude/rgs01_jude/groups/chenggrp/projects/blood_regulome/chenggrp/Projects/jchen6/GATA1_TFBS_ABE8e_screening/pre-test_vali/analysis+/upload/ChIP/sg6991_NIPBL_rep1.rmdup.uq.bw
ChIP	NIPBL_sg6991_rep2	Hudep2_ABE8e		#467F19	/research_jude/rgs01_jude/groups/chenggrp/projects/blood_regulome/chenggrp/Projects/jchen6/GATA1_TFBS_ABE8e_screening/pre-test_vali/analysis+/upload/ChIP/sg6991_NIPBL_rep2.rmdup.uq.bw
ChIP	H3K27ac_sgNT_rep1	Hudep2_ABE8e		#9FF279	/research_jude/rgs01_jude/groups/chenggrp/projects/blood_regulome/chenggrp/Projects/jchen6/GATA1_TFBS_ABE8e_screening/pre-test_vali/analysis+/upload/ChIP/sgNT_H3K27ac_rep1.rmdup.uq.bw
ChIP	H3K27ac_sgNT_rep2	Hudep2_ABE8e		#9FF279	/research_jude/rgs01_jude/groups/chenggrp/projects/blood_regulome/chenggrp/Projects/jchen6/GATA1_TFBS_ABE8e_screening/pre-test_vali/analysis+/upload/ChIP/sgNT_H3K27ac_rep2.rmdup.uq.bw
ChIP	H3K27ac_sg6991_rep1	Hudep2_ABE8e		#3A7F19	/research_jude/rgs01_jude/groups/chenggrp/projects/blood_regulome/chenggrp/Projects/jchen6/GATA1_TFBS_ABE8e_screening/pre-test_vali/analysis+/upload/ChIP/sg6991_H3K27ac_rep1.rmdup.uq.bw
ChIP	H3K27ac_sg6991_rep2	Hudep2_ABE8e		#3A7F19	/research_jude/rgs01_jude/groups/chenggrp/projects/blood_regulome/chenggrp/Projects/jchen6/GATA1_TFBS_ABE8e_screening/pre-test_vali/analysis+/upload/ChIP/sg6991_H3K27ac_rep2.rmdup.uq.bw
ChIP	H3K27me3_sgNT_rep1	Hudep2_ABE8e		#91F279	/research_jude/rgs01_jude/groups/chenggrp/projects/blood_regulome/chenggrp/Projects/jchen6/GATA1_TFBS_ABE8e_screening/pre-test_vali/analysis+/upload/ChIP/sgNT_H3K27me3_rep1.rmdup.uq.bw
ChIP	H3K27me3_sgNT_rep2	Hudep2_ABE8e		#91F279	/research_jude/rgs01_jude/groups/chenggrp/projects/blood_regulome/chenggrp/Projects/jchen6/GATA1_TFBS_ABE8e_screening/pre-test_vali/analysis+/upload/ChIP/sgNT_H3K27me3_rep2.rmdup.uq.bw
ChIP	H3K27me3_sg6991_rep1	Hudep2_ABE8e		#2D7F19	/research_jude/rgs01_jude/groups/chenggrp/projects/blood_regulome/chenggrp/Projects/jchen6/GATA1_TFBS_ABE8e_screening/pre-test_vali/analysis+/upload/ChIP/sg6991_H3K27me3_rep1.rmdup.uq.bw
ChIP	H3K27me3_sg6991_rep2	Hudep2_ABE8e		#2D7F19	/research_jude/rgs01_jude/groups/chenggrp/projects/blood_regulome/chenggrp/Projects/jchen6/GATA1_TFBS_ABE8e_screening/pre-test_vali/analysis+/upload/ChIP/sg6991_H3K27me3_rep2.rmdup.uq.bw
ChIP	H3K9me3_sgNT_rep1	Hudep2_ABE8e		#82F279	/research_jude/rgs01_jude/groups/chenggrp/projects/blood_regulome/chenggrp/Projects/jchen6/GATA1_TFBS_ABE8e_screening/pre-test_vali/analysis+/upload/ChIP/sgNT_H3K9me3_rep1.rmdup.uq.bw
ChIP	H3K9me3_sgNT_rep2	Hudep2_ABE8e		#82F279	/research_jude/rgs01_jude/groups/chenggrp/projects/blood_regulome/chenggrp/Projects/jchen6/GATA1_TFBS_ABE8e_screening/pre-test_vali/analysis+/upload/ChIP/sgNT_H3K9me3_rep2.rmdup.uq.bw
ChIP	H3K9me3_sg6991_rep1	Hudep2_ABE8e		#217F19	/research_jude/rgs01_jude/groups/chenggrp/projects/blood_regulome/chenggrp/Projects/jchen6/GATA1_TFBS_ABE8e_screening/pre-test_vali/analysis+/upload/ChIP/sg6991_H3K9me3_rep1.rmdup.uq.bw
ChIP	H3K9me3_sg6991_rep2	Hudep2_ABE8e		#217F19	/research_jude/rgs01_jude/groups/chenggrp/projects/blood_regulome/chenggrp/Projects/jchen6/GATA1_TFBS_ABE8e_screening/pre-test_vali/analysis+/upload/ChIP/sg6991_H3K9me3_rep2.rmdup.uq.bw
ChIP	Pol2S2P_JQ1_sgNT_rep1	Hudep2_ABE8e		#79F29B	/research_jude/rgs01_jude/groups/chenggrp/projects/blood_regulome/chenggrp/Projects/jchen6/GATA1_TFBS_ABE8e_screening/pre-test_vali/analysis+/upload/ChIP/sgNT_Pol2S2P_JQ1_rep1.rmdup.uq.bw
ChIP	Pol2S2P_JQ1_sgNT_rep2	Hudep2_ABE8e		#79F29B	/research_jude/rgs01_jude/groups/chenggrp/projects/blood_regulome/chenggrp/Projects/jchen6/GATA1_TFBS_ABE8e_screening/pre-test_vali/analysis+/upload/ChIP/sgNT_Pol2S2P_JQ1_rep2.rmdup.uq.bw
ChIP	Pol2S2P_JQ1_sg6991_rep1	Hudep2_ABE8e		#197F36	/research_jude/rgs01_jude/groups/chenggrp/projects/blood_regulome/chenggrp/Projects/jchen6/GATA1_TFBS_ABE8e_screening/pre-test_vali/analysis+/upload/ChIP/sg6991_Pol2S2P_JQ1_rep1.rmdup.uq.bw
ChIP	Pol2S2P_JQ1_sg6991_rep2	Hudep2_ABE8e		#197F36	/research_jude/rgs01_jude/groups/chenggrp/projects/blood_regulome/chenggrp/Projects/jchen6/GATA1_TFBS_ABE8e_screening/pre-test_vali/analysis+/upload/ChIP/sg6991_Pol2S2P_JQ1_rep2.rmdup.uq.bw
ChIP	Pol2S2P_sgNT_rep1	Jurkat_ABE8e		#79F27D	/research_jude/rgs01_jude/groups/chenggrp/projects/blood_regulome/chenggrp/Projects/jchen6/GATA1_TFBS_ABE8e_screening/pre-test_vali/analysis+/upload/ChIP/JA_NT_Pol2S2P_rep1.rmdup.uq.bw
ChIP	Pol2S2P_sgNT_rep2	Jurkat_ABE8e		#79F27D	/research_jude/rgs01_jude/groups/chenggrp/projects/blood_regulome/chenggrp/Projects/jchen6/GATA1_TFBS_ABE8e_screening/pre-test_vali/analysis+/upload/ChIP/JA_NT_Pol2S2P_rep2.rmdup.uq.bw
ChIP	Pol2S2P_sg6991_rep1	Jurkat_ABE8e		#197F1D	/research_jude/rgs01_jude/groups/chenggrp/projects/blood_regulome/chenggrp/Projects/jchen6/GATA1_TFBS_ABE8e_screening/pre-test_vali/analysis+/upload/ChIP/JA_6991_Pol2S2P_rep1.rmdup.uq.bw
ChIP	Pol2S2P_sg6991_rep2	Jurkat_ABE8e		#197F1D	/research_jude/rgs01_jude/groups/chenggrp/projects/blood_regulome/chenggrp/Projects/jchen6/GATA1_TFBS_ABE8e_screening/pre-test_vali/analysis+/upload/ChIP/JA_6991_Pol2S2P_rep2.rmdup.uq.bw
ChIP	Pol2S2P_sgNT_rep1	Hudep2_Krab		#79F28C	/research_jude/rgs01_jude/groups/chenggrp/projects/blood_regulome/chenggrp/Projects/jchen6/GATA1_TFBS_ABE8e_screening/pre-test_vali/analysis+/upload/ChIP/HK_NT_Pol2S2P_rep1.rmdup.uq.bw
ChIP	Pol2S2P_sgNT_rep2	Hudep2_Krab		#79F28C	/research_jude/rgs01_jude/groups/chenggrp/projects/blood_regulome/chenggrp/Projects/jchen6/GATA1_TFBS_ABE8e_screening/pre-test_vali/analysis+/upload/ChIP/HK_NT_Pol2S2P_rep2.rmdup.uq.bw
ChIP	Pol2S2P_sg6991_rep1	Hudep2_Krab		#197F29	/research_jude/rgs01_jude/groups/chenggrp/projects/blood_regulome/chenggrp/Projects/jchen6/GATA1_TFBS_ABE8e_screening/pre-test_vali/analysis+/upload/ChIP/HK_6991_GATA1_Pol2S2P_rep1.rmdup.uq.bw
ChIP	Pol2S2P_sg6991_rep2	Hudep2_Krab		#197F29	/research_jude/rgs01_jude/groups/chenggrp/projects/blood_regulome/chenggrp/Projects/jchen6/GATA1_TFBS_ABE8e_screening/pre-test_vali/analysis+/upload/ChIP/HK_6991_GATA1_Pol2S2P_rep2.rmdup.uq.bw
Drip-seq	R-loop_pos_rep1	Hudep2		#197F42	/research_jude/rgs01_jude/groups/chenggrp/projects/blood_regulome/chenggrp/Projects/jchen6/GATA1_TFBS_ABE8e_screening/pre-test_vali/analysis+/upload/R-loop/Hudep2_rep1.rmdup.pos.RPGC.norm.bw
Drip-seq	R-loop_neg_rep1	Hudep2		#79F2A9	/research_jude/rgs01_jude/groups/chenggrp/projects/blood_regulome/chenggrp/Projects/jchen6/GATA1_TFBS_ABE8e_screening/pre-test_vali/analysis+/upload/R-loop/Hudep2_rep1.rmdup.neg.RPGC.norm.bw
Drip-seq	R-loop_pos_rep2	Hudep2		#197F42	/research_jude/rgs01_jude/groups/chenggrp/projects/blood_regulome/chenggrp/Projects/jchen6/GATA1_TFBS_ABE8e_screening/pre-test_vali/analysis+/upload/R-loop/Hudep2_rep2.rmdup.pos.RPGC.norm.bw
Drip-seq	R-loop_neg_rep2	Hudep2		#79F2A9	/research_jude/rgs01_jude/groups/chenggrp/projects/blood_regulome/chenggrp/Projects/jchen6/GATA1_TFBS_ABE8e_screening/pre-test_vali/analysis+/upload/R-loop/Hudep2_rep2.rmdup.neg.RPGC.norm.bw
Drip-seq	R-loop_pos_sgNT_rep1	Hudep2_ABE8e		#79F2B8	/research_jude/rgs01_jude/groups/chenggrp/projects/blood_regulome/chenggrp/Projects/jchen6/GATA1_TFBS_ABE8e_screening/pre-test_vali/analysis+/upload/R-loop/sgNT_rep1.rmdup.pos.RPGC.norm.bw
Drip-seq	R-loop_neg_sgNT_rep1	Hudep2_ABE8e		#197F4E	/research_jude/rgs01_jude/groups/chenggrp/projects/blood_regulome/chenggrp/Projects/jchen6/GATA1_TFBS_ABE8e_screening/pre-test_vali/analysis+/upload/R-loop/sgNT_rep1.rmdup.neg.RPGC.norm.bw
Drip-seq	R-loop_pos_sgNT_rep2	Hudep2_ABE8e		#79F2B8	/research_jude/rgs01_jude/groups/chenggrp/projects/blood_regulome/chenggrp/Projects/jchen6/GATA1_TFBS_ABE8e_screening/pre-test_vali/analysis+/upload/R-loop/sgNT_rep2.rmdup.pos.RPGC.norm.bw
Drip-seq	R-loop_neg_sgNT_rep2	Hudep2_ABE8e		#197F4E	/research_jude/rgs01_jude/groups/chenggrp/projects/blood_regulome/chenggrp/Projects/jchen6/GATA1_TFBS_ABE8e_screening/pre-test_vali/analysis+/upload/R-loop/sgNT_rep2.rmdup.neg.RPGC.norm.bw
Drip-seq	R-loop_pos_sg6991_rep1	Hudep2_ABE8e		#79F2C6	/research_jude/rgs01_jude/groups/chenggrp/projects/blood_regulome/chenggrp/Projects/jchen6/GATA1_TFBS_ABE8e_screening/pre-test_vali/analysis+/upload/R-loop/sg6991_rep1.rmdup.pos.RPGC.norm.bw
Drip-seq	R-loop_neg_sg6991_rep1	Hudep2_ABE8e		#197F5A	/research_jude/rgs01_jude/groups/chenggrp/projects/blood_regulome/chenggrp/Projects/jchen6/GATA1_TFBS_ABE8e_screening/pre-test_vali/analysis+/upload/R-loop/sg6991_rep1.rmdup.neg.RPGC.norm.bw
Drip-seq	R-loop_pos_sg6991_rep2	Hudep2_ABE8e		#79F2C6	/research_jude/rgs01_jude/groups/chenggrp/projects/blood_regulome/chenggrp/Projects/jchen6/GATA1_TFBS_ABE8e_screening/pre-test_vali/analysis+/upload/R-loop/sg6991_rep2.rmdup.pos.RPGC.norm.bw
Drip-seq	R-loop_neg_sg6991_rep2	Hudep2_ABE8e		#197F5A	/research_jude/rgs01_jude/groups/chenggrp/projects/blood_regulome/chenggrp/Projects/jchen6/GATA1_TFBS_ABE8e_screening/pre-test_vali/analysis+/upload/R-loop/sg6991_rep2.rmdup.neg.RPGC.norm.bw
RNA-seq	RNA_pos_sgNT_rep1	CD34+		#79F2D5	/research_jude/rgs01_jude/groups/chenggrp/projects/blood_regulome/chenggrp/Projects/jchen6/GATA1_TFBS_ABE8e_screening/pre-test_vali/analysis+/upload/RNA-seq/CD34_sgNT_rep1.markdup.uq_plusUniq.bw
RNA-seq	RNA_neg_sgNT_rep1	CD34+		#79F2D5	/research_jude/rgs01_jude/groups/chenggrp/projects/blood_regulome/chenggrp/Projects/jchen6/GATA1_TFBS_ABE8e_screening/pre-test_vali/analysis+/upload/RNA-seq/CD34_sgNT_rep1.markdup.uq_minusUniq.bw
RNA-seq	RNA_pos_sgNT_rep2	CD34+		#79F2D5	/research_jude/rgs01_jude/groups/chenggrp/projects/blood_regulome/chenggrp/Projects/jchen6/GATA1_TFBS_ABE8e_screening/pre-test_vali/analysis+/upload/RNA-seq/CD34_sgNT_rep2.markdup.uq_plusUniq.bw
RNA-seq	RNA_neg_sgNT_rep2	CD34+		#79F2D5	/research_jude/rgs01_jude/groups/chenggrp/projects/blood_regulome/chenggrp/Projects/jchen6/GATA1_TFBS_ABE8e_screening/pre-test_vali/analysis+/upload/RNA-seq/CD34_sgNT_rep2.markdup.uq_minusUniq.bw
RNA-seq	RNA_pos_sg6991_rep1	CD34+		#197F67	/research_jude/rgs01_jude/groups/chenggrp/projects/blood_regulome/chenggrp/Projects/jchen6/GATA1_TFBS_ABE8e_screening/pre-test_vali/analysis+/upload/RNA-seq/CD34_sg6991_rep1.markdup.uq_plusUniq.bw
RNA-seq	RNA_neg_sg6991_rep1	CD34+		#197F67	/research_jude/rgs01_jude/groups/chenggrp/projects/blood_regulome/chenggrp/Projects/jchen6/GATA1_TFBS_ABE8e_screening/pre-test_vali/analysis+/upload/RNA-seq/CD34_sg6991_rep1.markdup.uq_minusUniq.bw
RNA-seq	RNA_pos_sg6991_rep2	CD34+		#197F67	/research_jude/rgs01_jude/groups/chenggrp/projects/blood_regulome/chenggrp/Projects/jchen6/GATA1_TFBS_ABE8e_screening/pre-test_vali/analysis+/upload/RNA-seq/CD34_sg6991_rep2.markdup.uq_plusUniq.bw
RNA-seq	RNA_neg_sg6991_rep2	CD34+		#197F67	/research_jude/rgs01_jude/groups/chenggrp/projects/blood_regulome/chenggrp/Projects/jchen6/GATA1_TFBS_ABE8e_screening/pre-test_vali/analysis+/upload/RNA-seq/CD34_sg6991_rep2.markdup.uq_minusUniq.bw
RNA-seq	RNA_pos_sgNT_rep1	Hudep2_ABE8e		#79F2E3	/research_jude/rgs01_jude/groups/chenggrp/projects/blood_regulome/chenggrp/Projects/jchen6/GATA1_TFBS_ABE8e_screening/pre-test_vali/analysis+/upload/RNA-seq/HA_sgNT_rep1.markdup.uq_plusUniq.bw
RNA-seq	RNA_neg_sgNT_rep1	Hudep2_ABE8e		#79F2E3	/research_jude/rgs01_jude/groups/chenggrp/projects/blood_regulome/chenggrp/Projects/jchen6/GATA1_TFBS_ABE8e_screening/pre-test_vali/analysis+/upload/RNA-seq/HA_sgNT_rep1.markdup.uq_minusUniq.bw
RNA-seq	RNA_pos_sgNT_rep2	Hudep2_ABE8e		#79F2E3	/research_jude/rgs01_jude/groups/chenggrp/projects/blood_regulome/chenggrp/Projects/jchen6/GATA1_TFBS_ABE8e_screening/pre-test_vali/analysis+/upload/RNA-seq/HA_sgNT_rep2.markdup.uq_plusUniq.bw
RNA-seq	RNA_neg_sgNT_rep2	Hudep2_ABE8e		#79F2E3	/research_jude/rgs01_jude/groups/chenggrp/projects/blood_regulome/chenggrp/Projects/jchen6/GATA1_TFBS_ABE8e_screening/pre-test_vali/analysis+/upload/RNA-seq/HA_sgNT_rep2.markdup.uq_minusUniq.bw
RNA-seq	RNA_pos_sg6991_rep1	Hudep2_ABE8e		#197F73	/research_jude/rgs01_jude/groups/chenggrp/projects/blood_regulome/chenggrp/Projects/jchen6/GATA1_TFBS_ABE8e_screening/pre-test_vali/analysis+/upload/RNA-seq/HA_sg6991_rep1.markdup.uq_plusUniq.bw
RNA-seq	RNA_neg_sg6991_rep1	Hudep2_ABE8e		#197F73	/research_jude/rgs01_jude/groups/chenggrp/projects/blood_regulome/chenggrp/Projects/jchen6/GATA1_TFBS_ABE8e_screening/pre-test_vali/analysis+/upload/RNA-seq/HA_sg6991_rep1.markdup.uq_minusUniq.bw
RNA-seq	RNA_pos_sg6991_rep2	Hudep2_ABE8e		#197F73	/research_jude/rgs01_jude/groups/chenggrp/projects/blood_regulome/chenggrp/Projects/jchen6/GATA1_TFBS_ABE8e_screening/pre-test_vali/analysis+/upload/RNA-seq/HA_sg6991_rep2.markdup.uq_plusUniq.bw
RNA-seq	RNA_neg_sg6991_rep2	Hudep2_ABE8e		#197F73	/research_jude/rgs01_jude/groups/chenggrp/projects/blood_regulome/chenggrp/Projects/jchen6/GATA1_TFBS_ABE8e_screening/pre-test_vali/analysis+/upload/RNA-seq/HA_sg6991_rep2.markdup.uq_minusUniq.bw
RNA-seq	RNA_pos_sgNT	Jurkat_ABE8e		#79F2F2	/research_jude/rgs01_jude/groups/chenggrp/projects/blood_regulome/chenggrp/Projects/jchen6/GATA1_TFBS_ABE8e_screening/pre-test_vali/analysis+/upload/RNA-seq/Jurkat_ABE8e_sgNT_plusUniq.bw
RNA-seq	RNA_neg_sgNT	Jurkat_ABE8e		#79F2F2	/research_jude/rgs01_jude/groups/chenggrp/projects/blood_regulome/chenggrp/Projects/jchen6/GATA1_TFBS_ABE8e_screening/pre-test_vali/analysis+/upload/RNA-seq/Jurkat_ABE8e_sgNT_minusUniq.bw
RNA-seq	RNA_pos_sg6991	Jurkat_ABE8e		#197F7F	/research_jude/rgs01_jude/groups/chenggrp/projects/blood_regulome/chenggrp/Projects/jchen6/GATA1_TFBS_ABE8e_screening/pre-test_vali/analysis+/upload/RNA-seq/Jurkat_ABE8e_sg6991_plusUniq.bw
RNA-seq	RNA_neg_sg6991	Jurkat_ABE8e		#197F7F	/research_jude/rgs01_jude/groups/chenggrp/projects/blood_regulome/chenggrp/Projects/jchen6/GATA1_TFBS_ABE8e_screening/pre-test_vali/analysis+/upload/RNA-seq/Jurkat_ABE8e_sg6991_minusUniq.bw
Pro-seq	ProSeq_all_sgNT_rep1	Hudep2_ABE8e		#79D5F2	/research_jude/rgs01_jude/groups/chenggrp/projects/blood_regulome/chenggrp/Projects/jchen6/GATA1_TFBS_ABE8e_screening/pre-test_vali/analysis+/upload/RNA-seq/sgNT_ProSeq_rep1_all.rmdup.bw
Pro-seq	ProSeq_pos_sgNT_rep1	Hudep2_ABE8e		#79D5F2	/research_jude/rgs01_jude/groups/chenggrp/projects/blood_regulome/chenggrp/Projects/jchen6/GATA1_TFBS_ABE8e_screening/pre-test_vali/analysis+/upload/RNA-seq/sgNT_ProSeq_rep1_Fwd.rmdup.bw
Pro-seq	ProSeq_neg_sgNT_rep1	Hudep2_ABE8e		#79D5F2	/research_jude/rgs01_jude/groups/chenggrp/projects/blood_regulome/chenggrp/Projects/jchen6/GATA1_TFBS_ABE8e_screening/pre-test_vali/analysis+/upload/RNA-seq/sgNT_ProSeq_rep1_Rev.rmdup.bw
Pro-seq	ProSeq_all_sg6991_rep1	Hudep2_ABE8e		#19677F	/research_jude/rgs01_jude/groups/chenggrp/projects/blood_regulome/chenggrp/Projects/jchen6/GATA1_TFBS_ABE8e_screening/pre-test_vali/analysis+/upload/RNA-seq/sg6991_ProSeq_rep1_all.rmdup.bw
Pro-seq	ProSeq_pos_sg6991_rep1	Hudep2_ABE8e		#19677F	/research_jude/rgs01_jude/groups/chenggrp/projects/blood_regulome/chenggrp/Projects/jchen6/GATA1_TFBS_ABE8e_screening/pre-test_vali/analysis+/upload/RNA-seq/sg6991_ProSeq_rep1_Fwd.rmdup.bw
Pro-seq	ProSeq_neg_sg6991_rep1	Hudep2_ABE8e		#19677F	/research_jude/rgs01_jude/groups/chenggrp/projects/blood_regulome/chenggrp/Projects/jchen6/GATA1_TFBS_ABE8e_screening/pre-test_vali/analysis+/upload/RNA-seq/sg6991_ProSeq_rep1_Rev.rmdup.bw
Pro-seq	ProSeq_all_rep1	Jurkat		#19737F	/research_jude/rgs01_jude/groups/chenggrp/projects/blood_regulome/chenggrp/Projects/jchen6/GATA1_TFBS_ABE8e_screening/pre-test_vali/analysis+/upload/RNA-seq/Jurkat_ProSeq_rep1_all.rmdup.bw
Pro-seq	ProSeq_pos_rep1	Jurkat		#19737F	/research_jude/rgs01_jude/groups/chenggrp/projects/blood_regulome/chenggrp/Projects/jchen6/GATA1_TFBS_ABE8e_screening/pre-test_vali/analysis+/upload/RNA-seq/Jurkat_ProSeq_rep1_Fwd.rmdup.bw
Pro-seq	ProSeq_neg_rep1	Jurkat		#19737F	/research_jude/rgs01_jude/groups/chenggrp/projects/blood_regulome/chenggrp/Projects/jchen6/GATA1_TFBS_ABE8e_screening/pre-test_vali/analysis+/upload/RNA-seq/Jurkat_ProSeq_rep1_Rev.rmdup.bw
Pro-seq	ProSeq_all_rep2	Jurkat		#19737F	/research_jude/rgs01_jude/groups/chenggrp/projects/blood_regulome/chenggrp/Projects/jchen6/GATA1_TFBS_ABE8e_screening/pre-test_vali/analysis+/upload/RNA-seq/Jurkat_ProSeq_rep2_all.rmdup.bw
Pro-seq	ProSeq_pos_rep2	Jurkat		#19737F	/research_jude/rgs01_jude/groups/chenggrp/projects/blood_regulome/chenggrp/Projects/jchen6/GATA1_TFBS_ABE8e_screening/pre-test_vali/analysis+/upload/RNA-seq/Jurkat_ProSeq_rep2_Fwd.rmdup.bw
Pro-seq	ProSeq_neg_rep2	Jurkat		#19737F	/research_jude/rgs01_jude/groups/chenggrp/projects/blood_regulome/chenggrp/Projects/jchen6/GATA1_TFBS_ABE8e_screening/pre-test_vali/analysis+/upload/RNA-seq/Jurkat_ProSeq_rep2_Rev.rmdup.bw
MCC	PRPF19_promoter_L_sgNT_rep1	Hudep2_ABE8e		#79C6F2	/research_jude/rgs01_jude/groups/chenggrp/projects/blood_regulome/chenggrp/Projects/jchen6/GATA1_TFBS_ABE8e_screening/pre-test_vali/analysis+/upload/MCC/PRPF19-L_sgNT_de_norm_rep1.bw
MCC	PRPF19_promote_R_sgNT_rep1	Hudep2_ABE8e		#79B8F2	/research_jude/rgs01_jude/groups/chenggrp/projects/blood_regulome/chenggrp/Projects/jchen6/GATA1_TFBS_ABE8e_screening/pre-test_vali/analysis+/upload/MCC/PRPF19-R_sgNT_de_norm_rep1.bw
MCC	PRPF19_promote_all_sgNT_rep1	Hudep2_ABE8e		#79A9F2	/research_jude/rgs01_jude/groups/chenggrp/projects/blood_regulome/chenggrp/Projects/jchen6/GATA1_TFBS_ABE8e_screening/pre-test_vali/analysis+/upload/MCC/PRPF19_sgNT_de_norm_rep1.bw
MCC	PTGDR2_promote_L_sgNT_rep1	Hudep2_ABE8e		#799BF2	/research_jude/rgs01_jude/groups/chenggrp/projects/blood_regulome/chenggrp/Projects/jchen6/GATA1_TFBS_ABE8e_screening/pre-test_vali/analysis+/upload/MCC/PTGDR2-L_sgNT_de_norm_rep1.bw
MCC	PTGDR2_promote_R_sgNT_rep1	Hudep2_ABE8e		#798CF2	/research_jude/rgs01_jude/groups/chenggrp/projects/blood_regulome/chenggrp/Projects/jchen6/GATA1_TFBS_ABE8e_screening/pre-test_vali/analysis+/upload/MCC/PTGDR2-R_sgNT_de_norm_rep1.bw
MCC	PTGDR2_promote_all_sgNT_rep1	Hudep2_ABE8e		#797DF2	/research_jude/rgs01_jude/groups/chenggrp/projects/blood_regulome/chenggrp/Projects/jchen6/GATA1_TFBS_ABE8e_screening/pre-test_vali/analysis+/upload/MCC/PTGDR2_sgNT_de_norm_rep1.bw
MCC	WGATAR_L_sgNT_rep1	Hudep2_ABE8e		#8279F2	/research_jude/rgs01_jude/groups/chenggrp/projects/blood_regulome/chenggrp/Projects/jchen6/GATA1_TFBS_ABE8e_screening/pre-test_vali/analysis+/upload/MCC/WGATAR-left_sgNT_de_norm_rep1.bw
MCC	WGATAR_M_sgNT_rep1	Hudep2_ABE8e		#9179F2	/research_jude/rgs01_jude/groups/chenggrp/projects/blood_regulome/chenggrp/Projects/jchen6/GATA1_TFBS_ABE8e_screening/pre-test_vali/analysis+/upload/MCC/WGATAR-Middle_sgNT_de_norm_rep1.bw
MCC	WGATAR_R_sgNT_rep1	Hudep2_ABE8e		#9F79F2	/research_jude/rgs01_jude/groups/chenggrp/projects/blood_regulome/chenggrp/Projects/jchen6/GATA1_TFBS_ABE8e_screening/pre-test_vali/analysis+/upload/MCC/WGATAR-R_sgNT_de_norm_rep1.bw
MCC	WGATAR_all_sgNT_rep1	Hudep2_ABE8e		#AE79F2	/research_jude/rgs01_jude/groups/chenggrp/projects/blood_regulome/chenggrp/Projects/jchen6/GATA1_TFBS_ABE8e_screening/pre-test_vali/analysis+/upload/MCC/WGATAR_sgNT_de_norm_rep1.bw
MCC	PRPF19_promoter_L_sg6991_rep1	Hudep2_ABE8e		#195A7F	/research_jude/rgs01_jude/groups/chenggrp/projects/blood_regulome/chenggrp/Projects/jchen6/GATA1_TFBS_ABE8e_screening/pre-test_vali/analysis+/upload/MCC/PRPF19-L_sg6991_de_norm_rep1.bw
MCC	PRPF19_promote_R_sg6991_rep1	Hudep2_ABE8e		#194E7F	/research_jude/rgs01_jude/groups/chenggrp/projects/blood_regulome/chenggrp/Projects/jchen6/GATA1_TFBS_ABE8e_screening/pre-test_vali/analysis+/upload/MCC/PRPF19-R_sg6991_de_norm_rep1.bw
MCC	PRPF19_promote_all_sg6991_rep1	Hudep2_ABE8e		#19427F	/research_jude/rgs01_jude/groups/chenggrp/projects/blood_regulome/chenggrp/Projects/jchen6/GATA1_TFBS_ABE8e_screening/pre-test_vali/analysis+/upload/MCC/PRPF19_sg6991_de_norm_rep1.bw
MCC	PTGDR2_promote_L_sg6991_rep1	Hudep2_ABE8e		#19367F	/research_jude/rgs01_jude/groups/chenggrp/projects/blood_regulome/chenggrp/Projects/jchen6/GATA1_TFBS_ABE8e_screening/pre-test_vali/analysis+/upload/MCC/PTGDR2-L_sg6991_de_norm_rep1.bw
MCC	PTGDR2_promote_R_sg6991_rep1	Hudep2_ABE8e		#19297F	/research_jude/rgs01_jude/groups/chenggrp/projects/blood_regulome/chenggrp/Projects/jchen6/GATA1_TFBS_ABE8e_screening/pre-test_vali/analysis+/upload/MCC/PTGDR2-R_sg6991_de_norm_rep1.bw
MCC	PTGDR2_promote_all_sg6991_rep1	Hudep2_ABE8e		#191D7F	/research_jude/rgs01_jude/groups/chenggrp/projects/blood_regulome/chenggrp/Projects/jchen6/GATA1_TFBS_ABE8e_screening/pre-test_vali/analysis+/upload/MCC/PTGDR2_sg6991_de_norm_rep1.bw
MCC	WGATAR_L_sg6991_rep1	Hudep2_ABE8e		#21197F	/research_jude/rgs01_jude/groups/chenggrp/projects/blood_regulome/chenggrp/Projects/jchen6/GATA1_TFBS_ABE8e_screening/pre-test_vali/analysis+/upload/MCC/WGATAR-left_sg6991_de_norm_rep1.bw
MCC	WGATAR_M_sg6991_rep1	Hudep2_ABE8e		#2D197F	/research_jude/rgs01_jude/groups/chenggrp/projects/blood_regulome/chenggrp/Projects/jchen6/GATA1_TFBS_ABE8e_screening/pre-test_vali/analysis+/upload/MCC/WGATAR-Middle_sg6991_de_norm_rep1.bw
MCC	WGATAR_R_sg6991_rep1	Hudep2_ABE8e		#3A197F	/research_jude/rgs01_jude/groups/chenggrp/projects/blood_regulome/chenggrp/Projects/jchen6/GATA1_TFBS_ABE8e_screening/pre-test_vali/analysis+/upload/MCC/WGATAR-R_sg6991_de_norm_rep1.bw
MCC	WGATAR_all_sg6991_rep1	Hudep2_ABE8e		#46197F	/research_jude/rgs01_jude/groups/chenggrp/projects/blood_regulome/chenggrp/Projects/jchen6/GATA1_TFBS_ABE8e_screening/pre-test_vali/analysis+/upload/MCC/WGATAR_sg6991_de_norm_rep1.bw
MCC	PRPF19_promoter_L_sgNT_rep2	Hudep2_ABE8e		#79C6F2	/research_jude/rgs01_jude/groups/chenggrp/projects/blood_regulome/chenggrp/Projects/jchen6/GATA1_TFBS_ABE8e_screening/pre-test_vali/analysis+/upload/MCC/PRPF19-L_sgNT_de_norm_rep2.bw
MCC	PRPF19_promote_R_sgNT_rep2	Hudep2_ABE8e		#79B8F2	/research_jude/rgs01_jude/groups/chenggrp/projects/blood_regulome/chenggrp/Projects/jchen6/GATA1_TFBS_ABE8e_screening/pre-test_vali/analysis+/upload/MCC/PRPF19-R_sgNT_de_norm_rep2.bw
MCC	PRPF19_promote_all_sgNT_rep2	Hudep2_ABE8e		#79A9F2	/research_jude/rgs01_jude/groups/chenggrp/projects/blood_regulome/chenggrp/Projects/jchen6/GATA1_TFBS_ABE8e_screening/pre-test_vali/analysis+/upload/MCC/PRPF19_sgNT_de_norm_rep2.bw
MCC	PTGDR2_promote_L_sgNT_rep2	Hudep2_ABE8e		#799BF2	/research_jude/rgs01_jude/groups/chenggrp/projects/blood_regulome/chenggrp/Projects/jchen6/GATA1_TFBS_ABE8e_screening/pre-test_vali/analysis+/upload/MCC/PTGDR2-L_sgNT_de_norm_rep2.bw
MCC	PTGDR2_promote_R_sgNT_rep2	Hudep2_ABE8e		#798CF2	/research_jude/rgs01_jude/groups/chenggrp/projects/blood_regulome/chenggrp/Projects/jchen6/GATA1_TFBS_ABE8e_screening/pre-test_vali/analysis+/upload/MCC/PTGDR2-R_sgNT_de_norm_rep2.bw
MCC	PTGDR2_promote_all_sgNT_rep2	Hudep2_ABE8e		#797DF2	/research_jude/rgs01_jude/groups/chenggrp/projects/blood_regulome/chenggrp/Projects/jchen6/GATA1_TFBS_ABE8e_screening/pre-test_vali/analysis+/upload/MCC/PTGDR2_sgNT_de_norm_rep2.bw
MCC	WGATAR_M_sgNT_rep2	Hudep2_ABE8e		#9179F2	/research_jude/rgs01_jude/groups/chenggrp/projects/blood_regulome/chenggrp/Projects/jchen6/GATA1_TFBS_ABE8e_screening/pre-test_vali/analysis+/upload/MCC/WGATAR-Middle_sgNT_de_norm_rep2.bw
MCC	WGATAR_R_sgNT_rep2	Hudep2_ABE8e		#9F79F2	/research_jude/rgs01_jude/groups/chenggrp/projects/blood_regulome/chenggrp/Projects/jchen6/GATA1_TFBS_ABE8e_screening/pre-test_vali/analysis+/upload/MCC/WGATAR-R_sgNT_de_norm_rep2.bw
MCC	WGATAR_all_sgNT_rep2	Hudep2_ABE8e		#AE79F2	/research_jude/rgs01_jude/groups/chenggrp/projects/blood_regulome/chenggrp/Projects/jchen6/GATA1_TFBS_ABE8e_screening/pre-test_vali/analysis+/upload/MCC/WGATAR_sgNT_de_norm_rep2.bw
MCC	ZP1_promoter_sgNT_rep2	Hudep2_ABE8e		 #BC79F2	/research_jude/rgs01_jude/groups/chenggrp/projects/blood_regulome/chenggrp/Projects/jchen6/GATA1_TFBS_ABE8e_screening/pre-test_vali/analysis+/upload/MCC/ZP1_sgNT_de_norm_rep2.bw
MCC	PRPF19_promoter_L_sg6991_rep2	Hudep2_ABE8e		#195A7F	/research_jude/rgs01_jude/groups/chenggrp/projects/blood_regulome/chenggrp/Projects/jchen6/GATA1_TFBS_ABE8e_screening/pre-test_vali/analysis+/upload/MCC/PRPF19-L_sg6991_de_norm_rep2.bw
MCC	PRPF19_promote_R_sg6991_rep2	Hudep2_ABE8e		#194E7F	/research_jude/rgs01_jude/groups/chenggrp/projects/blood_regulome/chenggrp/Projects/jchen6/GATA1_TFBS_ABE8e_screening/pre-test_vali/analysis+/upload/MCC/PRPF19-R_sg6991_de_norm_rep2.bw
MCC	PRPF19_promote_all_sg6991_rep2	Hudep2_ABE8e		#19427F	/research_jude/rgs01_jude/groups/chenggrp/projects/blood_regulome/chenggrp/Projects/jchen6/GATA1_TFBS_ABE8e_screening/pre-test_vali/analysis+/upload/MCC/PRPF19_sg6991_de_norm_rep2.bw
MCC	PTGDR2_promote_L_sg6991_rep2	Hudep2_ABE8e		#19367F	/research_jude/rgs01_jude/groups/chenggrp/projects/blood_regulome/chenggrp/Projects/jchen6/GATA1_TFBS_ABE8e_screening/pre-test_vali/analysis+/upload/MCC/PTGDR2-L_sg6991_de_norm_rep2.bw
MCC	PTGDR2_promote_R_sg6991_rep2	Hudep2_ABE8e		#19297F	/research_jude/rgs01_jude/groups/chenggrp/projects/blood_regulome/chenggrp/Projects/jchen6/GATA1_TFBS_ABE8e_screening/pre-test_vali/analysis+/upload/MCC/PTGDR2-R_sg6991_de_norm_rep2.bw
MCC	PTGDR2_promote_all_sg6991_rep2	Hudep2_ABE8e		#191D7F	/research_jude/rgs01_jude/groups/chenggrp/projects/blood_regulome/chenggrp/Projects/jchen6/GATA1_TFBS_ABE8e_screening/pre-test_vali/analysis+/upload/MCC/PTGDR2_sg6991_de_norm_rep2.bw
MCC	WGATAR_M_sg6991_rep2	Hudep2_ABE8e		#2D197F	/research_jude/rgs01_jude/groups/chenggrp/projects/blood_regulome/chenggrp/Projects/jchen6/GATA1_TFBS_ABE8e_screening/pre-test_vali/analysis+/upload/MCC/WGATAR-Middle_sg6991_de_norm_rep2.bw
MCC	WGATAR_R_sg6991_rep2	Hudep2_ABE8e		#3A197F	/research_jude/rgs01_jude/groups/chenggrp/projects/blood_regulome/chenggrp/Projects/jchen6/GATA1_TFBS_ABE8e_screening/pre-test_vali/analysis+/upload/MCC/WGATAR-R_sg6991_de_norm_rep2.bw
MCC	WGATAR_all_sg6991_rep2	Hudep2_ABE8e		#46197F	/research_jude/rgs01_jude/groups/chenggrp/projects/blood_regulome/chenggrp/Projects/jchen6/GATA1_TFBS_ABE8e_screening/pre-test_vali/analysis+/upload/MCC/WGATAR_sg6991_de_norm_rep2.bw
MCC	ZP1_promoter_sg6991_rep2	Hudep2_ABE8e		#52197F	/research_jude/rgs01_jude/groups/chenggrp/projects/blood_regulome/chenggrp/Projects/jchen6/GATA1_TFBS_ABE8e_screening/pre-test_vali/analysis+/upload/MCC/ZP1_sg6991_de_norm_rep2.bw
STARR	STARR_Hudep2	Hudep2		#5E197F	/research_jude/rgs01_jude/groups/chenggrp/projects/blood_regulome/chenggrp/Projects/jchen6/GATA1_TFBS_ABE8e_screening/pre-test_vali/analysis+/upload/STARR/H2_LFC.bdg.bw
STARR	Hudep2_STARR_LFC	Hudep2		#5E197F	/research_jude/rgs01_jude/groups/chenggrp/projects/blood_regulome/chenggrp/Projects/jchen6/GATA1_TFBS_ABE8e_screening/pre-test_vali/analysis+/upload/STARR/Hudep2_STARR_LFC.bdg.bw
STARR	Hudep2_STARR_padj	Hudep2		#5E197F	/research_jude/rgs01_jude/groups/chenggrp/projects/blood_regulome/chenggrp/Projects/jchen6/GATA1_TFBS_ABE8e_screening/pre-test_vali/analysis+/upload/STARR/Hudep2_STARR_padj.bdg.bw
STARR	Hudep2_STARR_pvalue	Hudep2		#5E197F	/research_jude/rgs01_jude/groups/chenggrp/projects/blood_regulome/chenggrp/Projects/jchen6/GATA1_TFBS_ABE8e_screening/pre-test_vali/analysis+/upload/STARR/Hudep2_STARR_pvalue.bdg.bw
STARR	STARR_GM	GM12848		#6B197F	/research_jude/rgs01_jude/groups/chenggrp/projects/blood_regulome/chenggrp/Projects/jchen6/GATA1_TFBS_ABE8e_screening/pre-test_vali/analysis+/upload/STARR/GM_LFC.bdg.bw
STARR	STARR_Jurkat	Jurkat		#7F197B	/research_jude/rgs01_jude/groups/chenggrp/projects/blood_regulome/chenggrp/Projects/jchen6/GATA1_TFBS_ABE8e_screening/pre-test_vali/analysis+/upload/STARR/Jurkat_LFC.bdg.bw
screening	D12.vs.D0_LFC.S1	Hudep2_ABE8e		#7F196F	/research_jude/rgs01_jude/groups/chenggrp/projects/blood_regulome/chenggrp/Projects/jchen6/GATA1_TFBS_ABE8e_screening/pre-test_vali/analysis+/upload/gRNA_lib/HA_D12.vs.D0_LFC.S1.bw
screening	D12.vs.D0_logFDR.S1	Hudep2_ABE8e		#F279DE	/research_jude/rgs01_jude/groups/chenggrp/projects/blood_regulome/chenggrp/Projects/jchen6/GATA1_TFBS_ABE8e_screening/pre-test_vali/analysis+/upload/gRNA_lib/HA_D12.vs.D0_logFDR.S1.bw
screening	D12.vs.D6_LFC.S1	Hudep2_ABE8e		#7F196F	/research_jude/rgs01_jude/groups/chenggrp/projects/blood_regulome/chenggrp/Projects/jchen6/GATA1_TFBS_ABE8e_screening/pre-test_vali/analysis+/upload/gRNA_lib/HA_D12.vs.D6_LFC.S1.bw
screening	D12.vs.D6_logFDR.S1	Hudep2_ABE8e		#F279DE	/research_jude/rgs01_jude/groups/chenggrp/projects/blood_regulome/chenggrp/Projects/jchen6/GATA1_TFBS_ABE8e_screening/pre-test_vali/analysis+/upload/gRNA_lib/HA_D12.vs.D6_logFDR.S1.bw
screening	D6.vs.D0_LFC.S1	Hudep2_ABE8e		#7F196F	/research_jude/rgs01_jude/groups/chenggrp/projects/blood_regulome/chenggrp/Projects/jchen6/GATA1_TFBS_ABE8e_screening/pre-test_vali/analysis+/upload/gRNA_lib/HA_D6.vs.D0_LFC.S1.bw
screening	D6.vs.D0_logFDR.S1	Hudep2_ABE8e		#F279DE	/research_jude/rgs01_jude/groups/chenggrp/projects/blood_regulome/chenggrp/Projects/jchen6/GATA1_TFBS_ABE8e_screening/pre-test_vali/analysis+/upload/gRNA_lib/HA_D6.vs.D0_logFDR.S1.bw
HiChIP	GATA1_Q02_loose	Hudep2		#7F1956	/research_jude/rgs01_jude/groups/chenggrp/projects/blood_regulome/chenggrp/Projects/jchen6/GATA1_TFBS_ABE8e_screening/pre-test_vali/analysis+/upload/HiChIP/Hudep2_merged.loose.Q02.bedpe.interaction.gz
HiChIP	GATA1_Q02_stringent	Hudep2		#7F1956	/research_jude/rgs01_jude/groups/chenggrp/projects/blood_regulome/chenggrp/Projects/jchen6/GATA1_TFBS_ABE8e_screening/pre-test_vali/analysis+/upload/HiChIP/Hudep2_merged.stringent.Q02.bedpe.interaction.gz
HiChIP	H2_D0_H3K27ac	Hudep2		#7F193E	/research_jude/rgs01_jude/groups/chenggrp/projects/blood_regulome/chenggrp/HemPortal/HemTools_uniform_processed_files/HICHIP/upload/1374933_1400250_Hudep2_H3K27AC_HiChIP_FS.count.bedpe.interaction.gz
HiC	Hudep2_HiC	Hudep2		#a80000	/home/yli11/dirs/genome_browser/yli11/phil/down_sample_data/hudep2/HiCPro_10000_iced.st.bed.gz
Motif	WGATAR	Human		NA	/home/yli11/dirs/genome_browser/yli11/Chris/WGATAR/GATA1_WGATAR.bed.bedjs.sorted.gz

